"","Date","Month","Interval","Veg","mil_time","Name","chamber","Site","CO2_Flux","CO2_NRMSE","CH4_Flux","CH4_NRMSE","Bubble_Flux","Temp","Depth","cdepth","level","presens1","presens6","Notes","h2o","h2o_cat","DOY"
"1",7062022,"July","Morning","Non-Vegetated",7,"7 AM",1,"O1: 7 AM",0.791021,0.21654,0.220238,11.605494,0.216695,22.9,1.15,1.15,"high",2.43,0.02,NA,0.23,"Flooded",187
"2",7062022,"July","Morning","Non-Vegetated",8,"8 AM",8,"O1: 8 AM",0.787955,0.272859,0.013638,0.162233,0,23.5,1.16,1.14,"high",2.43,0.02,NA,0.23,"Flooded",187
"3",7062022,"July","Morning","Non-Vegetated",9,"9 AM",14,"O1: 9 AM",0.915069,0.188345,0.0245,0.457778,0,24.05,1.15,1.13,"high",2.43,0.02,NA,0.23,"Flooded",187
"4",7062022,"July","Morning","Non-Vegetated",10,"10 AM",20,"O1: 10 AM",0.720626,0.179717,0.013727,0.138316,0,24.3,1.16,1.15,"high",2.43,0.02,NA,0.23,"Flooded",187
"5",7062022,"July","Morning","Non-Vegetated",10,"10 AM",21,"O2: 10 AM",0.004526,2.538295,-0.161421,2.387998,0.34489,24.35,1.16,1.15,"high",2.43,0.02,NA,0.23,"Flooded",187
"6",7062022,"July","Morning","Non-Vegetated",10,"10 AM",22,"O3: 10 AM",-0.00905,1.035026,0.014107,1.59321,0.249776,23,1.17,1.16,"high",2.43,0.02,NA,0.23,"Flooded",187
"7",7062022,"July","Afternoon","Non-Vegetated",11,"11 AM",26,"O1: 11 AM",0.712494,0.103608,0.024636,0.194762,0,23.6,1.17,1.16,"high",2.43,0.02,NA,0.23,"Flooded",187
"8",7062022,"July","Afternoon","Non-Vegetated",11,"11 AM",27,"O2: 11 AM",0.555443,0.187719,0.089375,0.358294,0,24,1.17,1.16,"high",2.43,0.02,NA,0.23,"Flooded",187
"9",7062022,"July","Afternoon","Non-Vegetated",11,"11 AM",28,"O3: 11 AM",0.095696,0.205311,0.282824,1.214406,0,24.55,1.18,1.17,"high",2.43,0.02,NA,0.23,"Flooded",187
"10",7062022,"July","Afternoon","Non-Vegetated",12,"12 PM",32,"O1: 12 PM",0.653008,0.175775,0.021175,0.164497,0,25.65,1.19,1.18,"high",2.43,0.02,NA,0.23,"Flooded",187
"11",7062022,"July","Afternoon","Non-Vegetated",12,"12 PM",34,"O3: 12 PM",-0.910083,0.245252,0.152274,1.938534,0.320183,24.95,1.19,1.18,"high",2.43,0.02,NA,0.23,"Flooded",187
"12",7062022,"July","Afternoon","Non-Vegetated",13,"1 PM",38,"O1: 1 PM",0.523753,0.404832,0.014422,0.192367,0,25.1,1.2,1.18,"high",2.43,0.02,NA,0.23,"Flooded",187
"13",7062022,"July","Afternoon","Non-Vegetated",13,"1 PM",40,"O3: 1 PM",-0.456589,0.207807,0.04292,0.349882,0,24.1,1.2,1.18,"high",2.43,0.02,NA,0.23,"Flooded",187
"14",7062022,"July","Afternoon","Non-Vegetated",14,"2 PM",44,"O1: 2 PM",0.54263,0.377388,0.018916,0.240651,0,24.3,1.2,1.19,"high",2.43,0.02,NA,0.23,"Flooded",187
"15",7062022,"July","Afternoon","Non-Vegetated",14,"2 PM",45,"O2: 2 PM",0.474523,0.217865,0.020005,0.258467,0,24.3,1.2,1.19,"high",2.43,0.02,NA,0.23,"Flooded",187
"16",7062022,"July","Afternoon","Non-Vegetated",14,"2 PM",46,"O3: 2 PM",-0.296459,0.297588,0.033657,0.287934,0,24.15,1.2,1.18,"high",2.43,0.02,NA,0.23,"Flooded",187
"17",7062022,"July","Evening","Non-Vegetated",15,"3 PM",50,"O1: 3 PM",0.870259,0.566946,0.018931,0.381781,0,24.9,1.21,1.2,"high",2.43,0.02,NA,0.23,"Flooded",187
"18",7062022,"July","Evening","Non-Vegetated",15,"3 PM",51,"O2: 3 PM",0.549002,0.278811,0.191101,2.597202,-0.044359,24.95,1.21,1.2,"high",2.43,0.02,NA,0.23,"Flooded",187
"19",7062022,"July","Evening","Non-Vegetated",15,"3 PM",52,"O3: 3 PM",-0.542762,0.27171,0.056478,0.303129,0,25.9,1.21,1.2,"high",2.43,0.02,NA,0.23,"Flooded",187
"20",7062022,"July","Evening","Non-Vegetated",16,"4 PM",56,"O1: 4 PM",0.572167,0.18091,0.019087,0.191976,0,25.75,1.22,1.2,"high",2.43,0.02,NA,0.23,"Flooded",187
"21",7062022,"July","Evening","Non-Vegetated",16,"4 PM",57,"O2: 4 PM",0.456803,0.190814,0.586517,3.40021,0,25.7,1.23,1.21,"high",2.43,0.02,NA,0.23,"Flooded",187
"22",7062022,"July","Evening","Non-Vegetated",17,"5 PM",62,"O1: 5 PM",0.70606,0.09656,0.034248,0.745155,0,24,1.23,1.21,"high",2.43,0.02,NA,0.23,"Flooded",187
"23",7062022,"July","Evening","Non-Vegetated",17,"5 PM",63,"O2: 5 PM",0.61544,0.19263,0.486198,4.680628,0,23.35,1.23,1.21,"high",2.43,0.02,NA,0.23,"Flooded",187
"24",7062022,"July","Evening","Non-Vegetated",17,"5 PM",64,"O3: 5 PM",-0.149034,0.180195,1.230415,4.047803,0.333754,23.55,1.23,1.21,"high",2.43,0.02,NA,0.23,"Flooded",187
"25",7062022,"July","Evening","Non-Vegetated",18,"6 PM",68,"O1: 6 PM",0.795456,0.451559,0.676628,10.142617,0.637563,25.5,1.23,1.21,"high",2.43,0.02,NA,0.23,"Flooded",187
"26",7062022,"July","Evening","Non-Vegetated",18,"6 PM",69,"O2: 6 PM",0.55872,0.079622,0.012634,0.157174,0,24.45,1.23,1.21,"high",2.43,0.02,NA,0.23,"Flooded",187
"27",7062022,"July","Evening","Non-Vegetated",18,"6 PM",70,"O3: 6 PM",0.040992,0.172035,1.181912,5.111281,0.232035,23.55,1.23,1.21,"high",2.43,0.02,NA,0.23,"Flooded",187
"28",7062022,"July","Evening","Non-Vegetated",19,"7 PM",74,"O1: 7 PM",0.918011,0.173397,0.031295,0.340916,0,23.5,1.24,1.22,"high",2.43,0.02,NA,0.23,"Flooded",187
"29",7062022,"July","Evening","Non-Vegetated",19,"7 PM",75,"O2: 7 PM",0.703064,0.090518,0.00709,0.52984,0,24.2,1.24,1.22,"high",2.43,0.02,NA,0.23,"Flooded",187
"30",7062022,"July","Evening","Non-Vegetated",19,"7 PM",76,"O3: 7 PM",-0.030089,0.113641,0.044466,7.022897,0.09296,23.5,1.24,1.22,"high",2.43,0.02,NA,0.23,"Flooded",187
"31",7062022,"July","Morning","Non-Vegetated",7,"7 AM",7,"O4: 7 AM",0.880901,2.19808,0.003659,0.404571,-0.21967,23.3,1.15,1.14,"high",2.43,0.02,NA,0.23,"Flooded",187
"32",7062022,"July","Morning","Non-Vegetated",9,"9 AM",15,"O2: 9 AM",0.510812,1.50506,1.686814,3.903289,0.752107,24.15,1.15,1.13,"high",2.43,0.02,NA,0.23,"Flooded",187
"33",7062022,"July","Afternoon","Non-Vegetated",12,"12 PM",33,"O2: 12 PM",1.2567,3.328695,0.684812,4.250593,0.600282,24.6,1.19,1.18,"high",2.43,0.02,NA,0.23,"Flooded",187
"34",7062022,"July","Morning","Vegetated",7,"7 AM",6,"V3: 7 AM",0.865402,4.383985,0.001373,0.003542,22.681854,23.4,1.15,1.14,"high",2.43,0.02,"",0.23,"Flooded",187
"35",7062022,"July","Morning","Vegetated",8,"8 AM",12,"V2: 8 AM",-0.565326,7.148886,1.115563,0.27169,2.719717,25.1,1.16,1.14,"high",2.43,0.02,"",0.23,"Flooded",187
"36",7062022,"July","Morning","Vegetated",9,"9 AM",17,"V1: 9 AM",-2.065253,0.914881,3.468978,9.830094,1.451084,24.3,1.15,1.13,"high",2.43,0.02,"",0.23,"Flooded",187
"37",7062022,"July","Morning","Vegetated",9,"9 AM",18,"V2: 9 AM",-0.809895,3.880776,0.489455,4.744719,8.033384,24.15,1.15,1.13,"high",2.43,0.02,"",0.23,"Flooded",187
"38",7062022,"July","Morning","Vegetated",10,"10 AM",24,"V2: 10 AM",-5.139391,6.641552,0.214828,0.720056,2.13755,23.55,1.17,1.16,"high",2.43,0.02,"",0.23,"Flooded",187
"39",7062022,"July","Morning","Vegetated",10,"10 AM",25,"V3: 10 AM",-2.20439,3.823719,0.01754,0.303111,1.59289,22.9,1.17,1.16,"high",2.43,0.02,"",0.23,"Flooded",187
"40",7062022,"July","Afternoon","Vegetated",11,"11 AM",29,"V1: 11 AM",-4.383961,1.786566,0.161028,4.699401,3.040799,24.9,1.17,1.16,"high",2.43,0.02,"",0.23,"Flooded",187
"41",7062022,"July","Afternoon","Vegetated",11,"11 AM",30,"V2: 11 AM",-6.053032,4.343488,0.927701,7.248813,2.498737,26,1.18,1.17,"high",2.43,0.02,"",0.23,"Flooded",187
"42",7062022,"July","Afternoon","Vegetated",12,"12PM",36,"V2: 12 PM",-5.333964,0.215322,0.71236,0.836312,0,25.15,1.19,1.18,"high",2.43,0.02,"",0.23,"Flooded",187
"43",7062022,"July","Afternoon","Vegetated",12,"12PM",37,"V3: 12 PM",-5.402886,0.464624,0.367287,10.222924,0,25.25,1.19,1.18,"high",2.43,0.02,"",0.23,"Flooded",187
"44",7062022,"July","Afternoon","Vegetated",13,"1 PM",41,"V1: 1 PM",-4.138915,0.564516,0.695058,4.490467,0.893356,24.9,1.2,1.18,"high",2.43,0.02,"",0.23,"Flooded",187
"45",7062022,"July","Afternoon","Vegetated",13,"1 PM",42,"V2: 1 PM",-3.251444,0.531987,0.629353,5.269718,0.756928,24.8,1.2,1.18,"high",2.43,0.02,"",0.23,"Flooded",187
"46",7062022,"July","Afternoon","Vegetated",13,"1 PM",43,"V3: 1 PM",-4.208723,0.514351,0.565574,18.390614,0.91686,24.7,1.2,1.18,"high",2.43,0.02,"",0.23,"Flooded",187
"47",7062022,"July","Afternoon","Vegetated",14,"2 PM",47,"V1: 2 PM",-3.306782,0.72727,0.298035,4.955711,1.038519,24.25,1.2,1.19,"high",2.43,0.02,"",0.23,"Flooded",187
"48",7062022,"July","Afternoon","Vegetated",14,"2 PM",48,"V2: 2 PM",-4.132747,0.483124,0.734988,1.764836,0.045853,25.05,1.2,1.19,"high",2.43,0.02,"",0.23,"Flooded",187
"49",7062022,"July","Afternoon","Vegetated",14,"2 PM",49,"V3: 2 PM",-3.602032,0.231774,0.9333,3.468012,0,25.4,1.2,1.19,"high",2.43,0.02,"",0.23,"Flooded",187
"50",7062022,"July","Evening","Vegetated",15,"3 PM",53,"V1: 3 PM",-6.127363,0.641097,0.719354,5.318971,0.31289,25.96,1.21,1.2,"high",2.43,0.02,"",0.23,"Flooded",187
"51",7062022,"July","Evening","Vegetated",15,"3 PM",54,"V2: 3 PM",-4.386192,0.449927,0.576316,1.548993,0,26.85,1.21,1.2,"high",2.43,0.02,"",0.23,"Flooded",187
"52",7062022,"July","Evening","Vegetated",15,"3 PM",55,"V3: 3 PM",-6.744732,0.347647,0.462777,8.163374,0,25.95,1.21,1.2,"high",2.43,0.02,"",0.23,"Flooded",187
"53",7062022,"July","Evening","Vegetated",16,"4 PM",59,"V1: 4 PM",-5.030729,0.747041,0.555951,3.1495,0.322769,24.4,1.23,1.21,"high",2.43,0.02,"",0.23,"Flooded",187
"54",7062022,"July","Evening","Vegetated",16,"4 PM",60,"V2: 4 PM",-3.362285,0.517241,0.455333,6.926596,0.840619,24.55,1.23,1.21,"high",2.43,0.02,"",0.23,"Flooded",187
"55",7062022,"July","Evening","Vegetated",16,"4 PM",61,"V3: 4 PM",-3.730855,0.142332,0.285667,3.397404,0,24.95,1.23,1.21,"high",2.43,0.02,"",0.23,"Flooded",187
"56",7062022,"July","Evening","Vegetated",17,"5 PM",65,"V1: 5 PM",-0.66197,0.287689,0.610256,7.277318,-0.062548,23.55,1.23,1.21,"high",2.43,0.02,"",0.23,"Flooded",187
"57",7062022,"July","Evening","Vegetated",17,"5 PM",66,"V2: 5 PM",-1.036102,0.242082,0.305732,11.975067,0.226954,23.9,1.23,1.21,"high",2.43,0.02,"",0.23,"Flooded",187
"58",7062022,"July","Evening","Vegetated",17,"5 PM",67,"V3: 5 PM",-0.378656,0.262014,0.399479,0.486599,0,23.2,1.23,1.21,"high",2.43,0.02,"",0.23,"Flooded",187
"59",7062022,"July","Evening","Vegetated",18,"6 PM",71,"V1: 6 PM",-1.803339,0.310105,0.343214,9.516847,0.06802,23.4,1.23,1.21,"high",2.43,0.02,"",0.23,"Flooded",187
"60",7062022,"July","Evening","Vegetated",18,"6 PM",72,"V2: 6 PM",-0.775586,0.992684,0.215894,18.813941,1.459565,24.2,1.23,1.21,"high",2.43,0.02,"",0.23,"Flooded",187
"61",7062022,"July","Evening","Vegetated",18,"6 PM",73,"V3: 6 PM",-0.91059,0.197202,0.369053,1.629379,0.06332,23.8,1.23,1.21,"high",2.43,0.02,"",0.23,"Flooded",187
"62",7062022,"July","Evening","Vegetated",19,"7 PM",77,"V1: 7 PM",-2.761965,0.829484,0.224983,6.921028,1.082542,24.6,1.24,1.22,"high",2.43,0.02,"",0.23,"Flooded",187
"63",7062022,"July","Evening","Vegetated",19,"7 PM",78,"V2: 7 PM",0.218019,0.468894,0.108547,6.156384,1.289168,24.55,1.24,1.22,"high",2.43,0.02,"OK; CH4 a little high (4-7ppm)",0.23,"Flooded",187
"64",7062022,"July","Evening","Vegetated",19,"7 PM",79,"V3: 7 PM",-1.444625,0.177,0.298288,1.621939,0,22.25,1.24,1.22,"high",2.43,0.02,"good",0.23,"Flooded",187
"65",8182022,"August","Morning","Non-Vegetated",7,"7 AM",1,"O1: 7AM",2.705939,0.498865,0.000941,0.423703,0,16.65,0.82,0.78,"low",6.78,4.94,NA,-0.15,"Dry/Partially Flooded",230
"66",8182022,"August","Morning","Non-Vegetated",7,"7 AM",2,"O2: 7 AM",2.353624,0.31448,-0.000908,0.243889,0,16.55,0.82,0.78,"low",6.78,4.94,NA,-0.15,"Dry/Partially Flooded",230
"67",8182022,"August","Morning","Non-Vegetated",7,"7 AM",3,"O3: 7 AM",1.670095,0.73809,0.002305,0.651094,0,15.85,0.82,0.78,"low",6.78,4.94,NA,-0.15,"Dry/Partially Flooded",230
"68",8182022,"August","Morning","Non-Vegetated",8,"8 AM",7,"O1: 8 AM",1.512518,0.377964,-4.3e-05,0.298766,0,16.5,0.82,0.78,"low",6.78,4.94,NA,-0.15,"Dry/Partially Flooded",230
"69",8182022,"August","Morning","Non-Vegetated",8,"8 AM",8,"O2: 8 AM",2.02432,0.535231,0.001835,0.296802,0,17.4,0.82,0.78,"low",6.78,4.94,NA,-0.15,"Dry/Partially Flooded",230
"70",8182022,"August","Morning","Non-Vegetated",8,"8 AM",9,"O3: 8 AM",2.777781,0.28135,0.005502,0.219837,0,16.75,0.82,0.78,"low",6.78,4.94,NA,-0.15,"Dry/Partially Flooded",230
"71",8182022,"August","Morning","Non-Vegetated",9,"9 AM",13,"O1: 9 AM",2.718082,0.205085,0.001242,0.151364,0,18.85,0.82,0.78,"low",6.78,4.94,NA,-0.15,"Dry/Partially Flooded",230
"72",8182022,"August","Morning","Non-Vegetated",9,"9 AM",14,"O2: 9 AM",2.694208,0.383864,0.000978,0.139629,0,18.85,0.82,0.78,"low",6.78,4.94,NA,-0.15,"Dry/Partially Flooded",230
"73",8182022,"August","Morning","Non-Vegetated",9,"9 AM",15,"O3: 9 AM",0.955769,0.34388,0.002051,0.405103,0,21.25,0.82,0.78,"low",6.78,4.94,NA,-0.15,"Dry/Partially Flooded",230
"74",8182022,"August","Morning","Non-Vegetated",10,"10 AM",19,"O1: 10 AM",1.060289,0.493964,-0.002065,0.177137,0,21.15,0.82,0.78,"low",6.78,4.94,NA,-0.15,"Dry/Partially Flooded",230
"75",8182022,"August","Morning","Non-Vegetated",10,"10 AM",20,"O2: 10 AM",2.572038,0.13437,0.000457,0.08526,0,21.25,0.82,0.78,"low",6.78,4.94,NA,-0.15,"Dry/Partially Flooded",230
"76",8182022,"August","Morning","Non-Vegetated",10,"10 AM",21,"O3: 10 AM",0.284706,0.29558,0.012935,0.290191,0,25.1,0.82,0.78,"low",6.78,4.94,NA,-0.15,"Dry/Partially Flooded",230
"77",8182022,"August","Afternoon","Non-Vegetated",11,"11 AM",25,"O1: 11 AM",1.619891,0.257516,-3e-05,0.11734,0,25.1,0.82,0.79,"low",6.78,4.94,NA,-0.15,"Dry/Partially Flooded",230
"78",8182022,"August","Afternoon","Non-Vegetated",11,"11 AM",26,"O2: 11 AM",2.098982,0.395063,0.000285,0.095418,0,24.15,0.82,0.78,"low",6.78,4.94,NA,-0.15,"Dry/Partially Flooded",230
"79",8182022,"August","Afternoon","Non-Vegetated",11,"11 AM",27,"O3: 11 AM",0.683266,1.372795,0.006231,0.336848,0,27.45,0.82,0.78,"low",6.78,4.94,NA,-0.15,"Dry/Partially Flooded",230
"80",8182022,"August","Afternoon","Non-Vegetated",12,"12 PM",31,"O1: 12 PM",0.659056,0.522455,-0.001496,0.731652,0,28,0.82,0.79,"low",6.78,4.94,NA,-0.15,"Dry/Partially Flooded",230
"81",8182022,"August","Afternoon","Non-Vegetated",12,"12 PM",32,"O2: 12 PM",2.407404,0.358231,0.000596,0.083875,0,29.1,0.82,0.79,"low",6.78,4.94,NA,-0.15,"Dry/Partially Flooded",230
"82",8182022,"August","Afternoon","Non-Vegetated",12,"12 PM",33,"O3: 12 PM",3.669025,0.383079,0.002323,0.342168,0,25.35,0.82,0.79,"low",6.78,4.94,NA,-0.15,"Dry/Partially Flooded",230
"83",8182022,"August","Afternoon","Non-Vegetated",13,"1 PM",37,"O1: 1 PM",1.127703,0.133352,0.001227,0.097976,0,31.6,0.82,0.79,"low",6.78,4.94,NA,-0.15,"Dry/Partially Flooded",230
"84",8182022,"August","Afternoon","Non-Vegetated",13,"1 PM",38,"O2: 1 PM",3.173058,0.492714,0.001094,0.106339,0,30.95,0.82,0.79,"low",6.78,4.94,NA,-0.15,"Dry/Partially Flooded",230
"85",8182022,"August","Afternoon","Non-Vegetated",13,"1 PM",39,"O3: 1 PM",3.469633,0.488375,0.013284,0.247749,0,23.75,0.82,0.79,"low",6.78,4.94,NA,-0.15,"Dry/Partially Flooded",230
"86",8182022,"August","Afternoon","Non-Vegetated",14,"2 PM",43,"O1: 2 PM",0.982517,0.415277,0.001399,0.112287,0,29.7,0.82,0.79,"low",6.78,4.94,NA,-0.15,"Dry/Partially Flooded",230
"87",8182022,"August","Afternoon","Non-Vegetated",14,"2 PM",44,"O2: 2 PM",2.014582,0.303378,0.003654,0.116028,0,30.05,0.82,0.79,"low",6.78,4.94,NA,-0.15,"Dry/Partially Flooded",230
"88",8182022,"August","Afternoon","Non-Vegetated",14,"2 PM",45,"O3: 2 PM",2.797575,0.946517,0.005325,0.309441,0,21.65,0.81,0.78,"low",6.78,4.94,NA,-0.15,"Dry/Partially Flooded",230
"89",8182022,"August","Evening","Non-Vegetated",15,"3 PM",49,"O1: 3 PM",2.533084,0.312985,0.004171,0.100221,0,32.15,0.81,0.78,"low",6.78,4.94,NA,-0.15,"Dry/Partially Flooded",230
"90",8182022,"August","Evening","Non-Vegetated",15,"3 PM",50,"O2: 3 PM",2.127041,0.132973,0.000786,0.105548,0,33.1,0.81,0.78,"low",6.78,4.94,NA,-0.15,"Dry/Partially Flooded",230
"91",8182022,"August","Evening","Non-Vegetated",15,"3 PM",51,"O3: 3 PM",2.701311,0.341589,0.002892,0.106983,0,24.65,0.81,0.79,"low",6.78,4.94,NA,-0.15,"Dry/Partially Flooded",230
"92",8182022,"August","Evening","Non-Vegetated",16,"4 PM",55,"O1: 4 PM",3.679103,0.298621,0.006618,0.183816,0,29.1,0.81,0.79,"low",6.78,4.94,NA,-0.15,"Dry/Partially Flooded",230
"93",8182022,"August","Evening","Non-Vegetated",16,"4 PM",56,"O2: 4 PM",2.044049,0.252071,0.001009,0.129378,0,30.8,0.81,0.79,"low",6.78,4.94,NA,-0.15,"Dry/Partially Flooded",230
"94",8182022,"August","Evening","Non-Vegetated",16,"4 PM",57,"O3: 4 PM",2.766685,0.548297,0.001634,0.388361,0,22,0.81,0.79,"low",6.78,4.94,NA,-0.15,"Dry/Partially Flooded",230
"95",8182022,"August","Evening","Non-Vegetated",17,"5 PM",61,"O1: 5 PM",2.722058,0.435477,0.007234,0.147507,0,29.45,0.81,0.79,"low",6.78,4.94,NA,-0.15,"Dry/Partially Flooded",230
"96",8182022,"August","Evening","Non-Vegetated",17,"5 PM",62,"O2: 5 PM",3.226767,0.325481,0.001767,0.099428,0,31.2,0.81,0.79,"low",6.78,4.94,NA,-0.15,"Dry/Partially Flooded",230
"97",8182022,"August","Evening","Non-Vegetated",17,"5 PM",63,"O3: 5 PM",3.918301,0.438226,0.001929,0.093758,0,23.6,0.81,0.79,"low",6.78,4.94,NA,-0.15,"Dry/Partially Flooded",230
"98",8182022,"August","Evening","Non-Vegetated",18,"6 PM",67,"O1: 6 PM",3.440608,0.313243,0.011997,0.263181,0,28.5,0.81,0.79,"low",6.78,4.94,NA,-0.15,"Dry/Partially Flooded",230
"99",8182022,"August","Evening","Non-Vegetated",18,"6 PM",68,"O2: 6 PM",4.161976,0.359308,0.002291,0.130457,0,28.4,0.81,0.79,"low",6.78,4.94,NA,-0.15,"Dry/Partially Flooded",230
"100",8182022,"August","Evening","Non-Vegetated",18,"6 PM",69,"O3: 6 PM",3.67375,0.436574,0.005443,0.217759,0,20,0.81,0.79,"low",6.78,4.94,NA,-0.15,"Dry/Partially Flooded",230
"101",8182022,"August","Evening","Non-Vegetated",19,"7 PM",73,"O1: 7 PM",3.765001,0.46274,0.006861,0.174211,0,25.25,0.81,0.79,"low",6.78,4.94,NA,-0.15,"Dry/Partially Flooded",230
"102",8182022,"August","Evening","Non-Vegetated",19,"7 PM",74,"O2: 7 PM",3.303543,0.30639,0.006142,0.312444,0,23.15,0.81,0.79,"low",6.78,4.94,NA,-0.15,"Dry/Partially Flooded",230
"103",8182022,"August","Evening","Non-Vegetated",19,"7 PM",75,"O3: 7 PM",4.91077,0.463096,0.004864,0.144587,0,21.1,0.81,0.79,"low",6.78,4.94,NA,-0.15,"Dry/Partially Flooded",230
"104",8182022,"August","Morning","Vegetated",7,"7 AM",4,"V1: 7 AM",4.213613,0.865523,0.017982,3.801785,0.091626,16.45,0.82,0.78,"low",6.78,4.94,"",-0.15,"Dry/Partially Flooded",230
"105",8182022,"August","Morning","Vegetated",7,"7 AM",5,"V2: 7 AM",4.870328,0.744294,0.142456,1.891591,0.045798,16.2,0.82,0.78,"low",6.78,4.94,"",-0.15,"Dry/Partially Flooded",230
"106",8182022,"August","Morning","Vegetated",7,"7 AM",6,"V3: 7 AM",3.213417,0.571774,0.098026,1.869018,0.006756,15.75,0.82,0.78,"low",6.78,4.94,"",-0.15,"Dry/Partially Flooded",230
"107",8182022,"August","Morning","Vegetated",8,"8 AM",10,"V1: 8 AM",3.147294,0.993659,-0.012367,1.883448,0.13403,16.05,0.82,0.78,"low",6.78,4.94,"",-0.15,"Dry/Partially Flooded",230
"108",8182022,"August","Morning","Vegetated",8,"8 AM",11,"V2: 8 AM",3.49023,1.359122,0.05705,3.544543,0,16.15,0.82,0.78,"low",6.78,4.94,"",-0.15,"Dry/Partially Flooded",230
"109",8182022,"August","Morning","Vegetated",8,"8 AM",12,"V3: 8 AM",0.521917,0.609397,0.088132,1.30025,0.020925,16.8,0.82,0.78,"low",6.78,4.94,"",-0.15,"Dry/Partially Flooded",230
"110",8182022,"August","Morning","Vegetated",9,"9 AM",16,"V1: 9 AM",4.091606,1.278314,0.070918,1.223271,0.006287,18.4,0.82,0.78,"low",6.78,4.94,"",-0.15,"Dry/Partially Flooded",230
"111",8182022,"August","Morning","Vegetated",9,"9 AM",17,"V2: 9 AM",3.072127,0.632622,0.090167,0.597361,0,17.9,0.82,0.78,"low",6.78,4.94,"",-0.15,"Dry/Partially Flooded",230
"112",8182022,"August","Morning","Vegetated",9,"9 AM",18,"V3: 9 AM",1.177455,0.719222,0.062792,2.983706,0.007494,19.1,0.82,0.78,"low",6.78,4.94,"",-0.15,"Dry/Partially Flooded",230
"113",8182022,"August","Morning","Vegetated",10,"10 AM",22,"V1: 10 AM",-1.174222,0.559016,0.09281,1.024674,0.014378,23.55,0.82,0.78,"low",6.78,4.94,"",-0.15,"Dry/Partially Flooded",230
"114",8182022,"August","Morning","Vegetated",10,"10 AM",23,"V2: 10 AM",-6.735517,1.383268,0.078883,1.465193,0,23.6,0.82,0.78,"low",6.78,4.94,"",-0.15,"Dry/Partially Flooded",230
"115",8182022,"August","Morning","Vegetated",10,"10 AM",24,"V3: 10 AM",-6.517786,1.39212,0.084392,0.830742,0,25,0.82,0.78,"low",6.78,4.94,"",-0.15,"Dry/Partially Flooded",230
"116",8182022,"August","Afternoon","Vegetated",11,"11 AM",28,"V1: 11 AM",0.082446,1.232419,0.137599,2.742483,0.025268,28.6,0.82,0.78,"low",6.78,4.94,"",-0.15,"Dry/Partially Flooded",230
"117",8182022,"August","Afternoon","Vegetated",11,"11 AM",29,"V2: 11 AM",-4.24352,0.273345,0.070409,0.624557,0,27.9,0.82,0.78,"low",6.78,4.94,"",-0.15,"Dry/Partially Flooded",230
"118",8182022,"August","Afternoon","Vegetated",11,"11 AM",30,"V3: 11 AM",-2.896353,1.981545,0.02949,3.026542,0.026315,27.3,0.82,0.78,"low",6.78,4.94,"",-0.15,"Dry/Partially Flooded",230
"119",8182022,"August","Afternoon","Vegetated",12,"12 PM",34,"V1: 12 PM",0.119981,0.542829,0.076435,2.057499,0.017755,28.2,0.82,0.78,"low",6.78,4.94,"",-0.15,"Dry/Partially Flooded",230
"120",8182022,"August","Afternoon","Vegetated",12,"12 PM",35,"V2: 12 PM",-8.030339,0.510568,0.07763,0.972382,0,30.6,0.82,0.79,"low",6.78,4.94,"",-0.15,"Dry/Partially Flooded",230
"121",8182022,"August","Afternoon","Vegetated",12,"12 PM",36,"V3: 12 PM",-2.742947,0.689961,0.085368,0.747594,0.003427,30.55,0.82,0.79,"low",6.78,4.94,"",-0.15,"Dry/Partially Flooded",230
"122",8182022,"August","Afternoon","Vegetated",13,"1 PM",40,"V1: 1 PM",0.007668,0.617345,0.269922,2.063682,0,27.85,0.82,0.79,"low",6.78,4.94,"",-0.15,"Dry/Partially Flooded",230
"123",8182022,"August","Afternoon","Vegetated",13,"1 PM",41,"V2: 1 PM",-0.971317,0.499886,0.070919,0.636542,0,27.15,0.82,0.79,"low",6.78,4.94,"",-0.15,"Dry/Partially Flooded",230
"124",8182022,"August","Afternoon","Vegetated",13,"1 PM",42,"V3: 1 PM",2.481774,1.638775,0.052883,1.492301,0.000515,25.05,0.82,0.79,"low",6.78,4.94,"",-0.15,"Dry/Partially Flooded",230
"125",8182022,"August","Afternoon","Vegetated",14,"2 PM",46,"V1: 2 PM",3.928842,0.735406,0.078772,0.912755,0.02836,24.25,0.82,0.79,"low",6.78,4.94,"",-0.15,"Dry/Partially Flooded",230
"126",8182022,"August","Afternoon","Vegetated",14,"2 PM",47,"V2: 2 PM",6.244377,1.896443,0.070544,2.451258,0.006816,22.65,0.82,0.79,"low",6.78,4.94,"",-0.15,"Dry/Partially Flooded",230
"127",8182022,"August","Afternoon","Vegetated",14,"2 PM",48,"V3: 2 PM",5.160696,2.621511,0.117074,1.508811,0.006995,21.95,0.82,0.79,"low",6.78,4.94,"",-0.15,"Dry/Partially Flooded",230
"128",8182022,"August","Evening","Vegetated",15,"3 PM",52,"V1: 3 PM",0.700249,3.164839,0.040811,2.558762,0.038399,23.95,0.81,0.79,"low",6.78,4.94,"",-0.15,"Dry/Partially Flooded",230
"129",8182022,"August","Evening","Vegetated",15,"3 PM",53,"V2: 3 PM",2.758845,0.583306,0.039714,1.577764,0.016082,22.3,0.81,0.79,"low",6.78,4.94,"",-0.15,"Dry/Partially Flooded",230
"130",8182022,"August","Evening","Vegetated",15,"3 PM",54,"V3: 3 PM",-2.366003,1.642524,-0.009156,2.973086,0.017952,23.05,0.81,0.79,"low",6.78,4.94,"",-0.15,"Dry/Partially Flooded",230
"131",8182022,"August","Evening","Vegetated",16,"4 PM",58,"V1: 4 PM",2.790791,0.315517,0.111534,0.720277,0,23.35,0.81,0.79,"low",6.78,4.94,"",-0.15,"Dry/Partially Flooded",230
"132",8182022,"August","Evening","Vegetated",16,"4 PM",59,"V2: 4 PM",0.909573,1.113023,0.032703,2.292782,0,23.35,0.81,0.79,"low",6.78,4.94,"",-0.15,"Dry/Partially Flooded",230
"133",8182022,"August","Evening","Vegetated",16,"4 PM",60,"V3: 4 PM",1.0533,1.83445,0.039765,3.718498,0.010194,21.75,0.81,0.79,"low",6.78,4.94,"",-0.15,"Dry/Partially Flooded",230
"134",8182022,"August","Evening","Vegetated",17,"5 PM",64,"V1: 5 PM",1.165268,0.512389,0.082594,1.60926,0.010023,25.45,0.81,0.79,"low",6.78,4.94,"",-0.15,"Dry/Partially Flooded",230
"135",8182022,"August","Evening","Vegetated",17,"5 PM",65,"V2: 5 PM",1.512848,1.091201,0.083312,1.287603,0,24.65,0.81,0.79,"low",6.78,4.94,"",-0.15,"Dry/Partially Flooded",230
"136",8182022,"August","Evening","Vegetated",17,"5 PM",66,"V3: 5 PM",0.025879,1.448667,0.002801,5.351799,0.022941,24.25,0.81,0.79,"low",6.78,4.94,"small methane dip",-0.15,"Dry/Partially Flooded",230
"137",8182022,"August","Evening","Vegetated",18,"6 PM",70,"V1: 6 PM",5.66622,1.581224,0.053811,0.9613,0.082637,23.05,0.81,0.79,"low",6.78,4.94,"",-0.15,"Dry/Partially Flooded",230
"138",8182022,"August","Evening","Vegetated",18,"6 PM",71,"V2: 6 PM",4.541779,0.28194,0.058505,1.774113,0,20.95,0.81,0.79,"low",6.78,4.94,"",-0.15,"Dry/Partially Flooded",230
"139",8182022,"August","Evening","Vegetated",18,"6 PM",72,"V3: 6 PM",3.54738,0.411691,0.070303,0.827758,0.003509,20.05,0.81,0.79,"low",6.78,4.94,"",-0.15,"Dry/Partially Flooded",230
"140",8182022,"August","Evening","Vegetated",19,"7 PM",76,"V1: 7 PM",3.192735,0.353386,0.089961,1.539229,0.004155,19.8,0.81,0.79,"low",6.78,4.94,"",-0.15,"Dry/Partially Flooded",230
"141",8182022,"August","Evening","Vegetated",19,"7 PM",77,"V2: 7 PM",4.618149,0.862288,0.060106,1.689556,0,20.1,0.81,0.79,"low",6.78,4.94,"",-0.15,"Dry/Partially Flooded",230
"142",8182022,"August","Evening","Vegetated",19,"7 PM",78,"V3: 7 PM",0.000293,2.733253,-0.001121,3.775613,0.048122,19.65,0.81,0.79,"low",6.78,4.94,"",-0.15,"Dry/Partially Flooded",230
"143",9142022,"September","Morning","Non-Vegetated",7,"7 AM",3,"O3: 7 AM",3.703702,0.566334,0.114583,1.214631,0.036401,17,1.07,1.01,"medium",3.23,1.67,NA,0.1,"Dry/Partially Flooded",257
"144",9142022,"September","Morning","Non-Vegetated",8,"8 AM",7,"O1: 8 AM",0.519804,0.63552,0.014655,0.591841,0,17.15,1.07,1.01,"medium",3.23,1.67,NA,0.1,"Dry/Partially Flooded",257
"145",9142022,"September","Morning","Non-Vegetated",8,"8 AM",8,"O2: 8 AM",0.591299,0.790645,-0.011125,0.222086,0.002318,17.3,1.07,1.01,"medium",3.23,1.67,NA,0.1,"Dry/Partially Flooded",257
"146",9142022,"September","Morning","Non-Vegetated",8,"8 AM",9,"O3: 8 AM",0.709288,0.584328,0.018643,0.24973,0,19.1,1.07,1.01,"medium",3.23,1.67,NA,0.1,"Dry/Partially Flooded",257
"147",9142022,"September","Morning","Non-Vegetated",9,"9 AM",13,"O1: 9 AM",0.535866,1.223162,0.017736,0.317454,0,18.75,1.08,1.01,"medium",3.23,1.67,NA,0.1,"Dry/Partially Flooded",257
"148",9142022,"September","Morning","Non-Vegetated",9,"9 AM",14,"O2: 9 AM",0.25338,0.177045,0.014694,0.421756,0.225395,18.6,1.08,1.01,"medium",3.23,1.67,NA,0.1,"Dry/Partially Flooded",257
"149",9142022,"September","Morning","Non-Vegetated",9,"9 AM",15,"O3: 9 AM",0.829218,0.166349,0.00591,0.216183,0,18.3,1.08,1.01,"medium",3.23,1.67,NA,0.1,"Dry/Partially Flooded",257
"150",9142022,"September","Morning","Non-Vegetated",10,"10 AM",19,"O1: 10 AM",0.132989,0.315104,0.00717,1.156729,0.008268,19.1,1.08,1.01,"medium",3.23,1.67,NA,0.1,"Dry/Partially Flooded",257
"151",9142022,"September","Morning","Non-Vegetated",10,"10 AM",20,"O2: 10 AM",0.597545,0.323241,-0.000372,2.687465,0.55561,19.1,1.08,1.01,"medium",3.23,1.67,NA,0.1,"Dry/Partially Flooded",257
"152",9142022,"September","Morning","Non-Vegetated",10,"10 AM",21,"O3: 10 AM",0.871296,0.252868,0.052762,1.187884,0.111313,19.5,1.08,1.01,"medium",3.23,1.67,NA,0.1,"Dry/Partially Flooded",257
"153",9142022,"September","Afternoon","Non-Vegetated",11,"11 AM",25,"O1: 11 AM",0.435162,0.632208,0.015448,0.200492,0,20.45,1.08,1.01,"medium",3.23,1.67,NA,0.1,"Dry/Partially Flooded",257
"154",9142022,"September","Afternoon","Non-Vegetated",11,"11 AM",26,"O2: 11 AM",0.074533,0.160929,0.012276,0.265024,0,20.2,1.08,1.01,"medium",3.23,1.67,NA,0.1,"Dry/Partially Flooded",257
"155",9142022,"September","Afternoon","Non-Vegetated",11,"11 AM",27,"O3: 11 AM",0.403703,0.141541,0.004505,0.19748,0,19.8,1.08,1.01,"medium",3.23,1.67,NA,0.1,"Dry/Partially Flooded",257
"156",9142022,"September","Afternoon","Non-Vegetated",12,"12 PM",31,"O1: 12 PM",-0.196893,0.317856,0.008999,0.096075,0,21.05,1.08,1.01,"medium",3.23,1.67,NA,0.1,"Dry/Partially Flooded",257
"157",9142022,"September","Afternoon","Non-Vegetated",12,"12 PM",32,"O2: 12 PM",0.472176,0.123786,0.009313,0.143702,0,21.5,1.08,1.01,"medium",3.23,1.67,NA,0.1,"Dry/Partially Flooded",257
"158",9142022,"September","Afternoon","Non-Vegetated",12,"12 PM",33,"O3: 12 PM",0.195963,0.129662,0.001917,0.141214,0,21.65,1.08,1.01,"medium",3.23,1.67,NA,0.1,"Dry/Partially Flooded",257
"159",9142022,"September","Afternoon","Non-Vegetated",13,"1 PM",37,"O1: 1 PM",-0.165573,0.705372,0.006209,0.162736,0,23.75,1.08,1.01,"medium",3.23,1.67,NA,0.1,"Dry/Partially Flooded",257
"160",9142022,"September","Afternoon","Non-Vegetated",13,"1 PM",38,"O2: 1 PM",0.325249,0.144407,0.0214,0.171466,0,25.6,1.08,1.01,"medium",3.23,1.67,NA,0.1,"Dry/Partially Flooded",257
"161",9142022,"September","Afternoon","Non-Vegetated",13,"1 PM",39,"O3: 1 PM",0.207447,0.16273,0.049438,0.512896,0,23.4,1.08,1.01,"medium",3.23,1.67,NA,0.1,"Dry/Partially Flooded",257
"162",9142022,"September","Afternoon","Non-Vegetated",14,"2 PM",43,"O1: 2 PM",-0.003054,0.1815,0.006256,0.222489,0.046422,27.7,1.08,1.01,"medium",3.23,1.67,NA,0.1,"Dry/Partially Flooded",257
"163",9142022,"September","Afternoon","Non-Vegetated",14,"2 PM",44,"O2: 2 PM",0.368471,0.128727,0.013412,0.125825,0,25.8,1.08,1.01,"medium",3.23,1.67,NA,0.1,"Dry/Partially Flooded",257
"164",9142022,"September","Afternoon","Non-Vegetated",14,"2 PM",45,"O3: 2 PM",0.223062,0.222492,0.016322,0.424441,0,20.7,1.08,1.01,"medium",3.23,1.67,NA,0.1,"Dry/Partially Flooded",257
"165",9142022,"September","Evening","Non-Vegetated",15,"3 PM",49,"O1: 3 PM",0.211032,0.131282,0.011195,0.168259,0,28.55,1.07,1.01,"medium",3.23,1.67,NA,0.1,"Dry/Partially Flooded",257
"166",9142022,"September","Evening","Non-Vegetated",15,"3 PM",50,"O2: 3 PM",1.477971,1.279777,0.025372,0.273107,4.134167,28.8,1.07,1.01,"medium",3.23,1.67,NA,0.1,"Dry/Partially Flooded",257
"167",9142022,"September","Evening","Non-Vegetated",15,"3 PM",51,"O3: 3 PM",0.348801,0.158734,0.012702,0.328274,0,20.75,1.07,1.01,"medium",3.23,1.67,NA,0.1,"Dry/Partially Flooded",257
"168",9142022,"September","Evening","Non-Vegetated",16,"4 PM",55,"O1: 4 PM",-0.055121,0.177971,0.004377,0.103616,0,27.3,1.07,1.01,"medium",3.23,1.67,NA,0.1,"Dry/Partially Flooded",257
"169",9142022,"September","Evening","Non-Vegetated",16,"4 PM",56,"O3: 4 PM",0.982452,0.180977,0.024496,0.465239,0,20,1.07,1.01,"medium",3.23,1.67,NA,0.1,"Dry/Partially Flooded",257
"170",9142022,"September","Evening","Non-Vegetated",17,"5 PM",60,"O1: 5 PM",0.068782,0.120829,0.054616,0.21603,0.019049,25.65,1.07,1,"medium",3.23,1.67,NA,0.1,"Dry/Partially Flooded",257
"171",9142022,"September","Evening","Non-Vegetated",17,"5 PM",61,"O2: 5 PM",0.288481,0.157434,0.003746,0.092387,0,26.55,1.07,1,"medium",3.23,1.67,NA,0.1,"Dry/Partially Flooded",257
"172",9142022,"September","Evening","Non-Vegetated",17,"5 PM",62,"O3: 5 PM",0.931348,0.211709,0.025297,0.241918,0,22.95,1.07,1,"medium",3.23,1.67,NA,0.1,"Dry/Partially Flooded",257
"173",9142022,"September","Evening","Non-Vegetated",18,"6 PM",66,"O1: 6 PM",0.643788,0.10263,0.014537,0.205436,0,22.65,1.07,1,"medium",3.23,1.67,NA,0.1,"Dry/Partially Flooded",257
"174",9142022,"September","Evening","Non-Vegetated",18,"6 PM",67,"O2: 6 PM",0.397395,0.145462,0.088051,0.370409,0.028012,22.75,1.07,1,"medium",3.23,1.67,NA,0.1,"Dry/Partially Flooded",257
"175",9142022,"September","Evening","Non-Vegetated",18,"6 PM",68,"O3: 6 PM",1.213919,0.102322,0.004982,0.611372,0,18.75,1.07,1.01,"medium",3.23,1.67,NA,0.1,"Dry/Partially Flooded",257
"176",9142022,"September","Evening","Non-Vegetated",19,"7 PM",72,"O1: 7 PM",0.686651,0.231084,0.015685,0.406138,0,20.65,1.07,1.01,"medium",3.23,1.67,NA,0.1,"Dry/Partially Flooded",257
"177",9142022,"September","Evening","Non-Vegetated",19,"7 PM",73,"O2: 7 PM",0.430267,0.121563,0.003019,0.382449,0,21.6,1.07,1.01,"medium",3.23,1.67,NA,0.1,"Dry/Partially Flooded",257
"178",9142022,"September","Evening","Non-Vegetated",19,"7 PM",74,"O3: 7 PM",0.551777,0.313957,0.005632,0.389812,0,18.6,1.07,1.01,"medium",3.23,1.67,NA,0.1,"Dry/Partially Flooded",257
"179",9142022,"September","Morning","Vegetated",7,"7 AM",4,"V1: 7 AM",0.513785,0.688492,0.115429,2.257345,0.135247,17.2,1.07,1.01,"medium",3.23,1.67,NA,0.1,"Dry/Partially Flooded",257
"180",9142022,"September","Morning","Vegetated",7,"7 AM",5,"V2: 7 AM",1.243044,0.462415,0.047472,2.105059,0,16.7,1.07,1.01,"medium",3.23,1.67,NA,0.1,"Dry/Partially Flooded",257
"181",9142022,"September","Morning","Vegetated",7,"7 AM",6,"V3: 7 AM",1.363705,0.901774,0.064589,1.064916,0,16.85,1.07,1.01,"medium",3.23,1.67,NA,0.1,"Dry/Partially Flooded",257
"182",9142022,"September","Morning","Vegetated",8,"8 AM",10,"V1: 8 AM",0.904516,0.377675,0.017525,0.46214,0.137694,17.75,1.07,1.01,"medium",3.23,1.67,NA,0.1,"Dry/Partially Flooded",257
"183",9142022,"September","Morning","Vegetated",8,"8 AM",11,"V2: 8 AM",0.454091,0.322325,0.050539,1.184549,0,17.35,1.07,1.01,"medium",3.23,1.67,NA,0.1,"Dry/Partially Flooded",257
"184",9142022,"September","Morning","Vegetated",8,"8 AM",12,"V3: 8 AM",0.544434,0.285113,0.042719,0.485357,0,17.75,1.07,1.01,"medium",3.23,1.67,NA,0.1,"Dry/Partially Flooded",257
"185",9142022,"September","Morning","Vegetated",9,"9 AM",16,"V1: 9 AM",1.367382,0.683812,0.066122,1.338941,0.007015,18.8,1.08,1.01,"medium",3.23,1.67,NA,0.1,"Dry/Partially Flooded",257
"186",9142022,"September","Morning","Vegetated",9,"9 AM",17,"V2: 9 AM",0.28676,0.965365,0.080213,2.805505,0.018795,18.7,1.08,1.02,"medium",3.23,1.67,NA,0.1,"Dry/Partially Flooded",257
"187",9142022,"September","Morning","Vegetated",9,"9 AM",18,"V3: 9 AM",0.486004,1.424801,0.106537,1.466463,-0.010122,18.65,1.08,1.02,"medium",3.23,1.67,NA,0.1,"Dry/Partially Flooded",257
"188",9142022,"September","Morning","Vegetated",10,"10 AM",22,"V1: 10 AM",-0.024169,1.552897,0.013984,2.037873,0.032683,19.85,1.08,1.01,"medium",3.23,1.67,NA,0.1,"Dry/Partially Flooded",257
"189",9142022,"September","Morning","Vegetated",10,"10 AM",23,"V2: 10 AM",-0.235236,0.515826,0.028775,0.729718,0,19.8,1.08,1.01,"medium",3.23,1.67,NA,0.1,"Dry/Partially Flooded",257
"190",9142022,"September","Morning","Vegetated",10,"10 AM",24,"V3: 10 AM",1.103864,0.52963,0.040006,2.320565,0.018164,19.35,1.08,1.01,"medium",3.23,1.67,NA,0.1,"Dry/Partially Flooded",257
"191",9142022,"September","Afternoon","Vegetated",11,"11 AM",28,"V1: 11 AM",-7.105721,1.173428,0.035767,1.54935,0.041247,20.9,1.08,1.01,"medium",3.23,1.67,NA,0.1,"Dry/Partially Flooded",257
"192",9142022,"September","Afternoon","Vegetated",11,"11 AM",29,"V2: 11 AM",-1.589208,0.345972,0.052945,1.149761,0.003016,20.6,1.08,1.01,"medium",3.23,1.67,NA,0.1,"Dry/Partially Flooded",257
"193",9142022,"September","Afternoon","Vegetated",11,"11 AM",30,"V3: 11 AM",0.029969,0.411384,0.034877,1.567173,0,20.3,1.08,1.01,"medium",3.23,1.67,NA,0.1,"Dry/Partially Flooded",257
"194",9142022,"September","Afternoon","Vegetated",12,"12 PM",34,"V1: 12 PM",-1.939762,0.688918,0.136805,0.675956,0,21.6,1.08,1.01,"medium",3.23,1.67,NA,0.1,"Dry/Partially Flooded",257
"195",9142022,"September","Afternoon","Vegetated",12,"12 PM",35,"V2: 12 PM",-1.479196,0.262402,0.054306,0.710801,0,21.95,1.08,1.01,"medium",3.23,1.67,NA,0.1,"Dry/Partially Flooded",257
"196",9142022,"September","Afternoon","Vegetated",12,"12 PM",36,"V3: 12 PM",-0.779415,0.625492,0.042949,0.738295,0.003853,21.6,1.08,1.01,"medium",3.23,1.67,NA,0.1,"Dry/Partially Flooded",257
"197",9142022,"September","Afternoon","Vegetated",13,"1 PM",40,"V1: 1 PM",-1.668806,0.985751,0.152086,1.850154,0.062155,22.1,1.08,1.01,"medium",3.23,1.67,NA,0.1,"Dry/Partially Flooded",257
"198",9142022,"September","Afternoon","Vegetated",13,"1 PM",41,"V2: 1 PM",-0.757999,1.202528,0.081594,2.269243,0.016245,21.4,1.08,1.01,"medium",3.23,1.67,NA,0.1,"Dry/Partially Flooded",257
"199",9142022,"September","Afternoon","Vegetated",13,"1 PM",42,"V3: 1 PM",0.071675,1.05085,0.045956,1.087166,0.004992,20.55,1.08,1.01,"medium",3.23,1.67,NA,0.1,"Dry/Partially Flooded",257
"200",9142022,"September","Afternoon","Vegetated",14,"2 PM",46,"V1: 2 PM",-0.423981,0.65733,0.054153,1.888479,0.004242,20.1,1.08,1.01,"medium",3.23,1.67,NA,0.1,"Dry/Partially Flooded",257
"201",9142022,"September","Afternoon","Vegetated",14,"2 PM",47,"V2: 2 PM",-4.273355,1.109334,0.029713,1.854176,0.000644,20.7,1.08,1.01,"medium",3.23,1.67,NA,0.1,"Dry/Partially Flooded",257
"202",9142022,"September","Afternoon","Vegetated",14,"2 PM",48,"V3: 2 PM",0.317497,0.322808,0.086901,0.613299,0,20.45,1.08,1.01,"medium",3.23,1.67,NA,0.1,"Dry/Partially Flooded",257
"203",9142022,"September","Evening","Vegetated",15,"3 PM",52,"V1: 3 PM",0.71341,0.380631,0.037162,2.855007,0.021179,23.45,1.07,1.01,"medium",3.23,1.67,NA,0.1,"Dry/Partially Flooded",257
"204",9142022,"September","Evening","Vegetated",15,"3 PM",53,"V2: 3 PM",1.044923,0.726666,0.062706,0.813947,0,20.9,1.07,1.01,"medium",3.23,1.67,NA,0.1,"Dry/Partially Flooded",257
"205",9142022,"September","Evening","Vegetated",15,"3 PM",54,"V3: 3 PM",0.741748,0.447607,0.125172,1.478265,0.004152,20.8,1.07,1.01,"medium",3.23,1.67,NA,0.1,"Dry/Partially Flooded",257
"206",9142022,"September","Evening","Vegetated",16,"4 PM",57,"V1: 4 PM",1.029924,0.49025,0.058717,3.054695,0.062535,23.25,1.07,1.01,"medium",3.23,1.67,NA,0.1,"Dry/Partially Flooded",257
"207",9142022,"September","Evening","Vegetated",16,"4 PM",58,"V2: 4 PM",0.000257,1.908907,0.053927,2.819152,0.032069,21.25,1.07,1.01,"medium",3.23,1.67,NA,0.1,"Dry/Partially Flooded",257
"208",9142022,"September","Evening","Vegetated",16,"4 PM",59,"V3: 4 PM",1.381047,0.509022,0.070327,1.500655,0,21.3,1.07,1.01,"medium",3.23,1.67,NA,0.1,"Dry/Partially Flooded",257
"209",9142022,"September","Evening","Vegetated",17,"5 PM",63,"V1: 5 PM",1.009288,0.520264,0.073695,1.300852,0.016301,20.85,1.07,1,"medium",3.23,1.67,NA,0.1,"Dry/Partially Flooded",257
"210",9142022,"September","Evening","Vegetated",17,"5 PM",64,"V2: 5 PM",2.858317,1.038259,0.214088,1.875734,0.028258,20.2,1.07,1,"medium",3.23,1.67,NA,0.1,"Dry/Partially Flooded",257
"211",9142022,"September","Evening","Vegetated",17,"5 PM",65,"V3: 5 PM",0.19315,2.689524,0.02773,2.862205,0.026827,20.35,1.07,1,"medium",3.23,1.67,NA,0.1,"Dry/Partially Flooded",257
"212",9142022,"September","Evening","Vegetated",18,"6 PM",69,"V1: 6 PM",2.648898,0.275281,0.137567,1.02983,0.029152,20.2,1.07,1.01,"medium",3.23,1.67,NA,0.1,"Dry/Partially Flooded",257
"213",9142022,"September","Evening","Vegetated",18,"6 PM",70,"V2: 6 PM",1.751107,0.109581,0.046973,0.186984,0,19.35,1.07,1.01,"medium",3.23,1.67,NA,0.1,"Dry/Partially Flooded",257
"214",9142022,"September","Evening","Vegetated",18,"6 PM",71,"V3: 6 PM",2.246466,0.438481,0.058473,1.118514,0,18.75,1.07,1.01,"medium",3.23,1.67,NA,0.1,"Dry/Partially Flooded",257
"215",9142022,"September","Evening","Vegetated",19,"7 PM",75,"V1: 7 PM",2.537124,0.300358,0.070121,1.294656,0,20.25,1.07,1,"medium",3.23,1.67,NA,0.1,"Dry/Partially Flooded",257
"216",9142022,"September","Evening","Vegetated",19,"7 PM",76,"V2: 7 PM",0.878477,1.240979,0.032694,1.544575,0,18.2,1.07,1.01,"medium",3.23,1.67,NA,0.1,"Dry/Partially Flooded",257
"217",9142022,"September","Evening","Vegetated",19,"7 PM",77,"V3: 7 PM",2.720972,0.593601,0.046033,0.442216,0,18.15,1.07,1.01,"medium",3.23,1.67,NA,0.1,"Dry/Partially Flooded",257
"218",10122022,"October","Morning","Non-Vegetated",7,"7 AM",1,"O1: 7AM",0.858013,0.084707,0.016934,0.117785,0,14.55,1.03,1.01,"medium",5.22,2.7,NA,0.01,"Dry/Partially Flooded",285
"219",10122022,"October","Morning","Non-Vegetated",7,"7 AM",2,"O2: 7 AM",0.860487,0.097026,0.046692,0.380863,0,14.65,1.03,1.01,"medium",5.22,2.7,NA,0.01,"Dry/Partially Flooded",285
"220",10122022,"October","Morning","Non-Vegetated",7,"7 AM",3,"O3: 7 AM",0.611596,0.112227,0.01001,1.423266,0.010519,12.55,1.03,1.01,"medium",5.22,2.7,NA,0.01,"Dry/Partially Flooded",285
"221",10122022,"October","Morning","Non-Vegetated",8,"8 AM",7,"O1: 8 AM",0.716572,0.252681,0.032835,0.835597,0.017212,14.9,1.01,1.02,"medium",5.22,2.7,NA,0.01,"Dry/Partially Flooded",285
"222",10122022,"October","Morning","Non-Vegetated",8,"8 AM",8,"O2: 8 AM",0.955639,0.111159,0.074638,0.52918,0,14.5,1.01,1.02,"medium",5.22,2.7,NA,0.01,"Dry/Partially Flooded",285
"223",10122022,"October","Morning","Non-Vegetated",8,"8 AM",9,"O3: 8 AM",0.355907,0.095286,0.003553,0.093791,0,13.2,1.01,1.02,"medium",5.22,2.7,NA,0.01,"Dry/Partially Flooded",285
"224",10122022,"October","Morning","Non-Vegetated",9,"9 AM",13,"O1: 9 AM",0.457291,0.077898,0.006658,0.07394,0,15.5,1.02,1.01,"medium",5.22,2.7,NA,0.01,"Dry/Partially Flooded",285
"225",10122022,"October","Morning","Non-Vegetated",9,"9 AM",14,"O2: 9 AM",0.966403,0.131645,0.057629,1.063778,0.007819,15.45,1.02,1.01,"medium",5.22,2.7,NA,0.01,"Dry/Partially Flooded",285
"226",10122022,"October","Morning","Non-Vegetated",9,"9 AM",15,"O3: 9 AM",0.372057,0.061424,0.002882,0.09298,0,14.2,1.02,1.01,"medium",5.22,2.7,NA,0.01,"Dry/Partially Flooded",285
"227",10122022,"October","Morning","Non-Vegetated",10,"10 AM",19,"O1: 10 AM",0.190362,0.076807,0.003748,0.069208,0,17.05,1.01,1.01,"medium",5.22,2.7,NA,0.01,"Dry/Partially Flooded",285
"228",10122022,"October","Morning","Non-Vegetated",10,"10 AM",20,"O2: 10 AM",0.825371,0.102022,0.062642,0.312185,0,17.05,1.01,1.01,"medium",5.22,2.7,NA,0.01,"Dry/Partially Flooded",285
"229",10122022,"October","Morning","Non-Vegetated",10,"10 AM",21,"O3: 10 AM",-0.231525,0.120853,0.003265,0.181094,0,17.25,1.01,1.01,"medium",5.22,2.7,NA,0.01,"Dry/Partially Flooded",285
"230",10122022,"October","Afternoon","Non-Vegetated",11,"11 AM",25,"O1: 11 AM",0.020552,0.086792,0.005107,0.081652,0,19.85,1.01,1.01,"medium",5.22,2.7,NA,0.01,"Dry/Partially Flooded",285
"231",10122022,"October","Afternoon","Non-Vegetated",11,"11 AM",26,"O2: 11 AM",0.647386,0.150257,0.04685,1.118673,0.006692,20.25,1.01,1.01,"medium",5.22,2.7,NA,0.01,"Dry/Partially Flooded",285
"232",10122022,"October","Afternoon","Non-Vegetated",11,"11 AM",27,"O3: 11 AM",-0.164748,0.14628,0.002092,0.116679,0,19.2,1,1.01,"medium",5.22,2.7,NA,0.01,"Dry/Partially Flooded",285
"233",10122022,"October","Afternoon","Non-Vegetated",12,"12 PM",31,"O1: 12 PM",0.120925,0.305956,0.006436,0.330173,0.002142,19.75,1,1.01,"medium",5.22,2.7,NA,0.01,"Dry/Partially Flooded",285
"234",10122022,"October","Afternoon","Non-Vegetated",12,"12 PM",32,"O2: 12 PM",0.492208,0.539699,0.032847,1.145809,0.011266,20.45,1,1.01,"medium",5.22,2.7,NA,0.01,"Dry/Partially Flooded",285
"235",10122022,"October","Afternoon","Non-Vegetated",12,"12 PM",33,"O3: 12 PM",-0.047482,0.168848,0.002198,0.103521,0,20.05,0.99,1.01,"medium",5.22,2.7,NA,0.01,"Dry/Partially Flooded",285
"236",10122022,"October","Afternoon","Non-Vegetated",13,"1 PM",37,"O1: 1 PM",-0.025268,0.654167,0.001771,0.214712,0,19,0.98,1.01,"medium",5.22,2.7,NA,0.01,"Dry/Partially Flooded",285
"237",10122022,"October","Afternoon","Non-Vegetated",13,"1 PM",38,"O2: 1 PM",-0.087741,1.27211,-0.007859,0.736331,-0.050091,18.6,0.98,1.01,"medium",5.22,2.7,NA,0.01,"Dry/Partially Flooded",285
"238",10122022,"October","Afternoon","Non-Vegetated",13,"1 PM",39,"O3: 1 PM",-3.95294,2.291178,0.001763,0.302217,0,19.4,0.97,1.01,"medium",5.22,2.7,NA,0.01,"Dry/Partially Flooded",285
"239",10122022,"October","Afternoon","Non-Vegetated",14,"2 PM",43,"O2: 2 PM",-0.0249,0.337704,0.01584,0.279125,0,20.85,0.97,1.01,"medium",5.22,2.7,NA,0.01,"Dry/Partially Flooded",285
"240",10122022,"October","Afternoon","Non-Vegetated",14,"2 PM",44,"O3: 2 PM",0.194511,1.09693,0.019816,0.970446,0.00195,19.4,0.96,1.01,"medium",5.22,2.7,NA,0.01,"Dry/Partially Flooded",285
"241",10122022,"October","Evening","Non-Vegetated",15,"3 PM",49,"O1: 3 PM",-0.363034,0.563222,-0.002987,0.384278,-0.002053,21.55,0.96,1.01,"medium",5.22,2.7,NA,0.01,"Dry/Partially Flooded",285
"242",10122022,"October","Evening","Non-Vegetated",15,"3 PM",50,"O2: 3 PM",0.371125,0.479064,0.020723,1.312672,0.081878,20.6,0.96,1.01,"medium",5.22,2.7,NA,0.01,"Dry/Partially Flooded",285
"243",10122022,"October","Evening","Non-Vegetated",15,"3 PM",51,"O3: 3 PM",0.171635,2.367123,0.009368,0.67054,0.00234,20.3,0.95,1,"medium",5.22,2.7,NA,0.01,"Dry/Partially Flooded",285
"244",10122022,"October","Evening","Non-Vegetated",16,"4 PM",55,"O1: 4 PM",-0.642098,1.631369,0.083959,1.133909,0.010679,20.14,0.94,1.01,"medium",5.22,2.7,NA,0.01,"Dry/Partially Flooded",285
"245",10122022,"October","Evening","Non-Vegetated",16,"4 PM",56,"O2: 4 PM",-0.024249,0.656867,0.005033,1.299788,0.014693,20.75,0.94,1.01,"medium",5.22,2.7,NA,0.01,"Dry/Partially Flooded",285
"246",10122022,"October","Evening","Non-Vegetated",16,"4 PM",57,"O3: 4 PM",-0.04893,0.997436,0.000238,0.294153,0,19.3,0.94,1.01,"medium",5.22,2.7,NA,0.01,"Dry/Partially Flooded",285
"247",10122022,"October","Evening","Non-Vegetated",17,"5 PM",61,"O1: 5 PM",0.067634,0.195635,0.001468,0.121864,0,20.6,0.94,1.01,"medium",5.22,2.7,NA,0.01,"Dry/Partially Flooded",285
"248",10122022,"October","Evening","Non-Vegetated",17,"5 PM",62,"O2: 5 PM",0.264571,0.476914,0.025158,0.810202,0.058325,20.25,0.94,1.01,"medium",5.22,2.7,NA,0.01,"Dry/Partially Flooded",285
"249",10122022,"October","Evening","Non-Vegetated",17,"5 PM",63,"O3: 5 PM",-0.543319,1.72142,0.012662,0.388099,0.000557,17.85,0.94,1.01,"medium",5.22,2.7,NA,0.01,"Dry/Partially Flooded",285
"250",10122022,"October","Evening","Non-Vegetated",18,"6 PM",67,"O1: 6 PM",0.559808,0.096042,0.002609,0.07374,0,20.9,0.94,1.01,"medium",5.22,2.7,NA,0.01,"Dry/Partially Flooded",285
"251",10122022,"October","Evening","Non-Vegetated",18,"6 PM",68,"O2: 6 PM",1.048028,0.194152,0.080994,0.525686,0.00393,20.4,0.94,1.01,"medium",5.22,2.7,NA,0.01,"Dry/Partially Flooded",285
"252",10122022,"October","Evening","Non-Vegetated",18,"6 PM",69,"O3: 6 PM",0.950709,0.301696,0.060852,0.827295,0,18.2,0.94,1.01,"medium",5.22,2.7,NA,0.01,"Dry/Partially Flooded",285
"253",10122022,"October","Evening","Non-Vegetated",19,"7 PM",73,"O1: 7 PM",0.686031,0.132094,0.003593,0.11725,0,19.4,0.94,1.01,"medium",5.22,2.7,NA,0.01,"Dry/Partially Flooded",285
"254",10122022,"October","Evening","Non-Vegetated",19,"7 PM",74,"O2: 7 PM",0.846356,0.142858,0.047671,0.407709,0.002638,18.8,0.94,1.01,"medium",5.22,2.7,NA,0.01,"Dry/Partially Flooded",285
"255",10122022,"October","Evening","Non-Vegetated",19,"7 PM",75,"O3: 7 PM",0.74253,0.478471,0.006554,0.237817,0,13.3,0.94,1.01,"medium",5.22,2.7,NA,0.01,"Dry/Partially Flooded",285
"256",10122022,"October","Morning","Vegetated",7,"7 AM",4,"V1: 7 AM",1.912873,0.487239,0.058641,0.901804,0,13.15,1.03,1.01,"medium",5.22,2.7,NA,0.01,"Dry/Partially Flooded",285
"257",10122022,"October","Morning","Vegetated",7,"7 AM",5,"V2: 7 AM",1.869888,0.697088,0.054049,0.783086,0,12.5,1.03,1.01,"medium",5.22,2.7,NA,0.01,"Dry/Partially Flooded",285
"258",10122022,"October","Morning","Vegetated",7,"7 AM",6,"V3: 7 AM",1.19126,0.406246,0.027096,0.749936,0,12.45,1.03,1.01,"medium",5.22,2.7,NA,0.01,"Dry/Partially Flooded",285
"259",10122022,"October","Morning","Vegetated",8,"8 AM",10,"V1: 8 AM",0.894243,0.389339,0.026321,1.193422,0.059157,13.75,1.03,1.02,"medium",5.22,2.7,NA,0.01,"Dry/Partially Flooded",285
"260",10122022,"October","Morning","Vegetated",8,"8 AM",11,"V2: 8 AM",0.565659,0.205936,0.011282,0.725896,0,13,1.03,1.02,"medium",5.22,2.7,NA,0.01,"Dry/Partially Flooded",285
"261",10122022,"October","Morning","Vegetated",8,"8 AM",12,"V3: 8 AM",1.233239,0.436065,0.026652,0.686268,0,13.35,1.03,1.02,"medium",5.22,2.7,NA,0.01,"Dry/Partially Flooded",285
"262",10122022,"October","Morning","Vegetated",9,"9 AM",16,"V1: 9 AM",0.715497,0.242704,0.046271,1.919089,0.090398,14.8,1.02,1.01,"medium",5.22,2.7,NA,0.01,"Dry/Partially Flooded",285
"263",10122022,"October","Morning","Vegetated",9,"9 AM",17,"V2: 9 AM",0.600755,0.442122,0.011327,0.43833,0,14.8,1.02,1.01,"medium",5.22,2.7,NA,0.01,"Dry/Partially Flooded",285
"264",10122022,"October","Morning","Vegetated",9,"9 AM",18,"V3: 9 AM",1.266773,0.444104,0.037301,0.527749,0,14.65,1.02,1.01,"medium",5.22,2.7,NA,0.01,"Dry/Partially Flooded",285
"265",10122022,"October","Morning","Vegetated",10,"10 AM",22,"V1: 10 AM",0.26324,0.267824,0.044033,1.159988,0.083999,18.1,1.01,1.01,"medium",5.22,2.7,NA,0.01,"Dry/Partially Flooded",285
"266",10122022,"October","Morning","Vegetated",10,"10 AM",23,"V2: 10 AM",-1.834279,0.193919,0.012431,0.433006,0,17.7,1.01,1.01,"medium",5.22,2.7,NA,0.01,"Dry/Partially Flooded",285
"267",10122022,"October","Morning","Vegetated",10,"10 AM",24,"V3: 10 AM",-1.758884,0.333818,0.062342,1.786224,0.002214,17.95,1.01,1.01,"medium",5.22,2.7,NA,0.01,"Dry/Partially Flooded",285
"268",10122022,"October","Afternoon","Vegetated",11,"11 AM",28,"V1: 11 AM",0.444639,0.508585,0.037327,0.503303,0.002661,20.7,1.01,1.01,"medium",5.22,2.7,NA,0.01,"Dry/Partially Flooded",285
"269",10122022,"October","Afternoon","Vegetated",11,"11 AM",29,"V2: 11 AM",0.00345,0.628872,0.01597,1.491489,0,19.85,1.01,1.01,"medium",5.22,2.7,NA,0.01,"Dry/Partially Flooded",285
"270",10122022,"October","Afternoon","Vegetated",11,"11 AM",30,"V3: 11 AM",-0.007439,0.452937,0.013896,0.814993,0,19.4,1.01,1.01,"medium",5.22,2.7,NA,0.01,"Dry/Partially Flooded",285
"271",10122022,"October","Afternoon","Vegetated",12,"12 PM",34,"V1: 12 PM",0.110653,0.765493,0.028186,0.932296,0.043706,19.25,1,1.01,"medium",5.22,2.7,NA,0.01,"Dry/Partially Flooded",285
"272",10122022,"October","Afternoon","Vegetated",12,"12 PM",35,"V2: 12 PM",-0.316975,0.663272,0.006867,1.849622,0,19.05,1,1.01,"medium",5.22,2.7,NA,0.01,"Dry/Partially Flooded",285
"273",10122022,"October","Afternoon","Vegetated",12,"12 PM",36,"V3: 12 PM",0.507561,0.601408,0.013882,0.764526,0,18.85,0.99,1.01,"medium",5.22,2.7,NA,0.01,"Dry/Partially Flooded",285
"274",10122022,"October","Afternoon","Vegetated",13,"1 PM",40,"V1: 1 PM",0.100655,3.728381,0.039142,0.893212,0.008376,19.65,0.97,1.01,"medium",5.22,2.7,NA,0.01,"Dry/Partially Flooded",285
"275",10122022,"October","Afternoon","Vegetated",13,"1 PM",41,"V2: 1 PM",-0.207503,5.76297,0.00114,1.387873,0,20.15,0.97,1.01,"medium",5.22,2.7,NA,0.01,"Dry/Partially Flooded",285
"276",10122022,"October","Afternoon","Vegetated",13,"1 PM",42,"V3: 1 PM",-0.352069,0.685931,0.002357,0.350784,0,19.25,0.97,1.01,"medium",5.22,2.7,NA,0.01,"Dry/Partially Flooded",285
"277",10122022,"October","Afternoon","Vegetated",14,"2 PM",46,"V1: 2 PM",-0.202708,3.37699,0.034341,1.355087,0.004355,20.2,0.97,1.01,"medium",5.22,2.7,NA,0.01,"Dry/Partially Flooded",285
"278",10122022,"October","Afternoon","Vegetated",14,"2 PM",47,"V2: 2 PM",-0.44826,4.820638,0.045028,1.131265,0.001821,19.65,0.97,1.01,"medium",5.22,2.7,NA,0.01,"Dry/Partially Flooded",285
"279",10122022,"October","Afternoon","Vegetated",14,"2 PM",48,"V3: 2 PM",-0.24478,1.657571,0.012285,1.057954,-0.00267,20.25,0.97,1.01,"medium",5.22,2.7,NA,0.01,"Dry/Partially Flooded",285
"280",10122022,"October","Evening","Vegetated",15,"3 PM",52,"V1: 3 PM",-0.342059,2.336301,0.015961,1.600801,0.003437,20.35,0.95,1,"medium",5.22,2.7,NA,0.01,"Dry/Partially Flooded",285
"281",10122022,"October","Evening","Vegetated",15,"3 PM",53,"V2: 3 PM",0.149883,0.962072,-0.000576,1.257461,0.010444,20.6,0.95,1,"medium",5.22,2.7,NA,0.01,"Dry/Partially Flooded",285
"282",10122022,"October","Evening","Vegetated",15,"3 PM",54,"V3: 3 PM",0.071923,0.759138,0.020502,0.892206,0,20.2,0.95,1,"medium",5.22,2.7,NA,0.01,"Dry/Partially Flooded",285
"283",10122022,"October","Evening","Vegetated",16,"4 PM",58,"V1: 4 PM",0.629302,1.265912,0.028132,1.019671,0.00799,19.3,0.94,1.01,"medium",5.22,2.7,NA,0.01,"Dry/Partially Flooded",285
"284",10122022,"October","Evening","Vegetated",16,"4 PM",59,"V2: 4 PM",-4.380245,4.667943,0.012147,0.919008,-0.002469,20.5,0.94,1.01,"medium",5.22,2.7,NA,0.01,"Dry/Partially Flooded",285
"285",10122022,"October","Evening","Vegetated",16,"4 PM",60,"V3: 4 PM",0.367482,1.694394,0.005972,1.379901,-0.001888,20.35,0.94,1.01,"medium",5.22,2.7,NA,0.01,"Dry/Partially Flooded",285
"286",10122022,"October","Evening","Vegetated",17,"5 PM",64,"V1: 5 PM",2.534229,2.379856,0.031636,0.970873,0.005185,18.6,0.94,1.01,"medium",5.22,2.7,NA,0.01,"Dry/Partially Flooded",285
"287",10122022,"October","Evening","Vegetated",17,"5 PM",65,"V2: 5 PM",1.063383,3.850875,-0.001996,0.929034,0.008114,17.95,0.94,1.01,"medium",5.22,2.7,NA,0.01,"Dry/Partially Flooded",285
"288",10122022,"October","Evening","Vegetated",17,"5 PM",66,"V3: 5 PM",0.55968,2.622204,0.01364,1.072982,0.00296,17.3,0.94,1.01,"medium",5.22,2.7,NA,0.01,"Dry/Partially Flooded",285
"289",10122022,"October","Evening","Vegetated",18,"6 PM",70,"V1: 6 PM",2.66059,1.036117,0.051131,1.183078,0.002779,19.85,0.94,1.01,"medium",5.22,2.7,NA,0.01,"Dry/Partially Flooded",285
"290",10122022,"October","Evening","Vegetated",18,"6 PM",71,"V2: 6 PM",2.375479,0.273848,0.019333,0.277751,0,19.6,0.94,1.01,"medium",5.22,2.7,NA,0.01,"Dry/Partially Flooded",285
"291",10122022,"October","Evening","Vegetated",18,"6 PM",72,"V3: 6 PM",1.268523,0.39171,0.014211,1.058909,0,18.95,0.94,1.01,"medium",5.22,2.7,NA,0.01,"Dry/Partially Flooded",285
"292",10122022,"October","Evening","Vegetated",19,"7 PM",76,"V1: 7 PM",2.191909,0.391608,0.012394,3.019699,0.024988,17.75,0.94,1.01,"medium",5.22,2.7,NA,0.01,"Dry/Partially Flooded",285
"293",10122022,"October","Evening","Vegetated",19,"7 PM",77,"V2: 7 PM",1.7957,0.193336,0.012777,0.150952,0,18.55,0.94,1.01,"medium",5.22,2.7,NA,0.01,"Dry/Partially Flooded",285
"294",10122022,"October","Evening","Vegetated",19,"7 PM",78,"V3: 7 PM",2.386519,0.820474,0.043164,0.800181,0,17.9,0.94,1.01,"medium",5.22,2.7,NA,0.01,"Dry/Partially Flooded",285
